DATA,HORA,LINHA,EMPRESA,PREFIXO,TIPO DE ACIDENTE,SUB TIPO DE ACIDENTE,FERIDOS,MORTOS,LOCAL,LOCAL AUXILIAR 1,LOCAL AUXILIAR 2,Ano
"05/01/202
0",21:53,603,7,HE717,ATROPELAMENTO,CICLISTA,1,0,"AVENIDA REPÚBLICA ARGENTINA,
VILA IZABEL, CURITIBA","R. PROF. SEBASTIÃO PARANÁ, 6 -
VILA IZABEL, CURITIBA - PR,
80320-070, BRASIL","RUA PROFESSOR DÁRIO VELOSO, 21 -
VILA IZABEL, CURITIBA - PR,
80320-050, BRASIL",2020
"09/01/202
0",22:40,304,5,DL303,ATROPELAMENTO,CICLISTA,1,0,"AVENIDA ARYTON SENNA DA SILVA,
PINHAIS, PINHAIS","R. JERÔNIMO BUSATO FILHO, 470 -
ESTÂNCIA PINHAIS, PINHAIS - PR,
83323-090, BRASIL","R. LAURA DOS SANTOS, 12 -
ESTÂNCIA PINHAIS, PINHAIS - PR,
83323-092, BRASIL",2020
"16/01/202
0",18:23,500,11,GE718,ATROPELAMENTO,CICLISTA,1,0,"AVENIDA MARECHAL FLORIANO
PEIXOTO, CENTRO, CURITIBA","AV. VISC. DE GUARAPUAVA, 2858 -
CENTRO, CURITIBA - PR,
80010-100, BRASIL","R. ANDRÉ DE BARROS, 282 -
CENTRO, CURITIBA - PR,
80010-080, BRASIL",2020
"30/01/202
0",20:20,505,6,EL305,ATROPELAMENTO,CICLISTA,1,0,"AVENIDA MARECHAL FLORIANO
PEIXOTO, BOQUEIRÃO, CURITIBA","R. WALDEMAR LOUREIRO CAMPOS,
1363F - BOQUEIRÃO, CURITIBA -
PR, 81650-200, BRASIL","RUA ITALINO PERUFFO, 113 -
BOQUEIRÃO, CURITIBA - PR,
81650-330, BRASIL",2020
"05/02/202
0",13:58,619,7,HI017,ATROPELAMENTO,CICLISTA,0,0,"RUA ERNESTO GERMANO FRANCISCO
HANNEMANN, TATUQUARA, CURITIBA","R. ARCÉSIO DE BARROS LIMA, 26 -
TATUQUARA, CURITIBA - PR,
81480-246, BRASIL","RUA MONSENHOR ALFREDO DE ARRUDA
CÂMARA, 1 - TATUQUARA, CURITIBA
- PR, 81020-490, BRASIL",2020
"06/02/202
0",17:18,680,7,HA028,ATROPELAMENTO,CICLISTA,1,0,"RUA ÂNGELO TOZIM, VILA RURBANA,
CAMPO DE SANTANA","MIGUEL FURMANN, 15 - CAMPO DE
SANTANA, CURITIBA - PR,
81020-490, BRASIL","TRAVESSA HERMINHO CUNHA, 7 -
CAMPO DE SANTANA, CURITIBA - PR,
81490-255, BRASIL",2020
"11/02/202
0",13:56,541,11,GC014,ATROPELAMENTO,CICLISTA,1,0,"RUA CIDADE DE PALMAS, SÍTIO
CERCADO, CURITIBA","R. DAVID TOWS, 475 - SÍTIO
CERCADO, CURITIBA - PR,
81920-380, BRASIL","R. MILTON MIRAMIR VISINONI, 575
- SÍTIO CERCADO, CURITIBA - PR,
81920-070, BRASIL",2020
"15/02/202
0",18:41,303,9,LE705,ATROPELAMENTO,CICLISTA,1,0,"RUA DEPUTADO HEITOR ALENCAR
FURTADO, CAMPINA DO SIQUEIRA,
CURITIBA","R. GEN. MÁRIO TOURINHO, 1810 -
CAMPINA DO SIQUEIRA, CURITIBA -
PR, 80740-000, BRASIL","R. MAJ. HEITOR GUIMARÃES, 1740 -
SEMINÁRIO, CURITIBA - PR,
80740-060, BRASIL",2020
"28/02/202
0",09:39,700,7,HL318,ATROPELAMENTO,CICLISTA,0,0,"AVENIDA REPUBLICA ARGENTINA,
ÁGUA VERDE, CURITIBA","R. GOIÁS, 18 - ÁGUA VERDE,
CURITIBA - PR, 80620-060, BRASIL","R. MATO GROSSO, 30 - ÁGUA VERDE,
CURITIBA - PR, 80620-070, BRASIL",2020
"04/03/202
0",16:38,471,6,EA204,ATROPELAMENTO,CICLISTA,1,0,"AVENIDA MARECHAL FLORIANO
PEIXOTO, CENTRO, CURITIBA","AV. VISC. DE GUARAPUAVA, 2822 -
CENTRO, CURITIBA - PR,
80010-130, BRASIL","R. ANDRÉ DE BARROS, 296 -
CENTRO, CURITIBA - PR,
80010-080, BRASIL",2020
"06/03/202
0",21:32,505,6,EL313,ATROPELAMENTO,CICLISTA,1,0,"AVENIDA MARECHAL FLORIANO
PEIXOTO, HAUER, CURITIBA","ROD. RÉGIS BITTENCOURT, 2429 -
CAPÃO RASO, CURITIBA - PR,
82710-250, BRASIL","R. ARTUR HAUER, 370 - HAUER,
CURITIBA - PR, 81610-190, BRASIL",2020
"06/03/202
0",14:03,503,11,GE601,ATROPELAMENTO,CICLISTA,1,0,"AVENIDA MARECHAL FLORIANO
PEIXOTO, HAUER, CURITIBA","R. CEL ANTONIO R DOS SANTOS, 547
- HAUER, CURITIBA - PR,
81610-160, BRASIL","R. MAJ. FABRICIANO DO RÊGO
BARROS, 540 - HAUER, CURITIBA -
PR, 81610-170, BRASIL",2020
"10/03/202
0",17:15,500,11,GE711,ATROPELAMENTO,CICLISTA,1,0,"AVENIDA MARECHAL FLORIANO
PEIXOTO, PAROLIN, CURITIBA","R. PROF. PLÁCIDO E SILVA, 15 -
PAROLIN, CURITIBA - PR,
80220-400, BRASIL","R. PROF. LEÔNIDAS FERREIRA DA
COSTA, 11 - PAROLIN, CURITIBA -
PR, 80220-410, BRASIL",2020
"26/04/202
0",07:23,506,6,EL309,ATROPELAMENTO,CICLISTA,0,0,"RODOVIA RÉGIS BITTENCOURT,
FANNY, CURITIBA","AV. SANTA BERNADETE, 2350 -
FANNY, CURITIBA - PR, 81650-200,
BRASIL","AV. BRASÍLIA, 6847 - CAPÃO RASO,
CURITIBA - PR, 81020-010, BRASIL",2020
"26/04/202
0",13:32,506,6,EL307,ATROPELAMENTO,CICLISTA,1,0,"RODOVIA RÉGIS BITTENCOURT,
FANNY, CURITIBA","AV. SANTA BERNADETE, 605 -
FANNY, CURITIBA - PR, 82590-100,
BRASIL","R. LEONEL FRANÇA, 35 - FANNY,
CURITIBA - PR, 81030-250, BRASIL",2020
"30/04/202
0",18:30,602,11,GE703,ATROPELAMENTO,CICLISTA,1,0,"AVENIDA PRESIDENTE WENCESLAU
BRAZ, PAROLIN, CURITIBA","RUA ANTÔNIO MELILLO, 151 -
PAROLIN, CURITIBA - PR,
81030-090, BRASIL","RUA FRANCISCO ZANETTI, 206 -
PAROLIN, CURITIBA - PR,
81030-080, BRASIL",2020
"05/05/202
0",13:00,615,7,HI022,ATROPELAMENTO,CICLISTA,1,0,"PRAÇA DESEMBARGADOR ARMANDO
CARNEIRO, PORTÃO, CURITIBA","AV. REP. ARGENTINA, 3367 - ÁGUA
VERDE, CURITIBA - PR, 80610-250,
BRASIL","RUA LOURIVAL PORTELLA NATEL, 185
- PORTÃO, CURITIBA - PR,
80610-250, BRASIL",2020
"18/05/202
0",06:47,706,8,JI604,ATROPELAMENTO,CICLISTA,1,0,"AVENIDA PRESIDENTE ARTHUR DA
SILVA BERNARDES, SANTA QUITÉRIA,
CURITIBA","R. REINALDO PAZELLO, 1342 -
SANTA QUITERIA, CURITIBA - PR,
80310-110, BRASIL","R. PROF. ULISSES VIEIRA, 1241 -
SANTA QUITERIA, CURITIBA - PR,
80310-120, BRASIL",2020
"25/05/202
0",14:56,200,11,GE717,ATROPELAMENTO,CICLISTA,0,0,"AVENIDA SETE DE SETEMBRO,
CENTRO, CURITIBA","R. ALFERES POLI, 372 - CENTRO,
CURITIBA - PR, 80220-050, BRASIL","R. DES. WESTPHALEN, 3225 -
REBOUÇAS, CURITIBA - PR,
80220-031, BRASIL",2020
"03/07/202
0",09:41,503,11,GE606,ATROPELAMENTO,CICLISTA,1,0,"AVENIDA MARECHAL FLORIANO
PEIXOTO, CENTRO, CURITIBA","AV. SETE DE SETEMBRO, 3028 -
CRISTO REI, CURITIBA - PR,
80230-085, BRASIL","AV. SILVA JARDIM, 717 - ÁGUA
VERDE, CURITIBA - PR, 80230-000,
BRASIL",2020
"07/07/202
0",17:24,658,7,HA029,ATROPELAMENTO,CICLISTA,1,0,"RUA PROFESSOR ALGACYR MUNHOZ
MADER, CIDADE INDUSTRIAL DE
CURITIBA, CURITIBA","R. AGÍLIO LEÃO DE MACEDO, 13 -
CIDADE INDUSTRIAL DE CURITIBA,
CURITIBA - PR, 81350-050, BRASIL","RUA RAYMUNDO RAMOS FERREIRA, 48
- FAZENDINHA/PORTÃO, CURITIBA -
PR, 81350-040, BRASIL",2020
"10/07/202
0",19:53,22,6,ER803,ATROPELAMENTO,CICLISTA,1,0,"RUA ANTÔNIO BARIQUELO, FANNY,
CURITIBA","BR-116, 12984 - NOVO MUNDO,
CURITIBA - PR, 81690-200, BRASIL","R. OMILIO MONTEIRO SOARES, 334 -
FANNY, CURITIBA - PR, 81030-000,
BRASIL",2020
"03/08/202
0",15:15,50,5,DR115,ATROPELAMENTO,CICLISTA,1,0,"AVENIDA PRESIDENTE KENNEDY,
PORTÃO, CURITIBA","AV. REP. ARGENTINA, 3530 -
PORTÃO, CURITIBA - PR,
80610-260, BRASIL","RUA WILSON DE FRANÇA, 334 -
PORTÃO, CURITIBA - PR,
80610-256, BRASIL",2020
"07/08/202
0",11:57,304,9,LL316,ATROPELAMENTO,CICLISTA,0,0,"AVENIDA PRESIDENTE AFFONSO
CAMARGO, BAIRRO JARDIM BOTÂNICO,
CURITIBA","R. ATÍLIO BÓRIO, 14 - CRISTO
REI, CURITIBA - PR, 80050-250,
BRASIL","R. JOSÉ DE ALENCAR, 50 - CRISTO
REI, CURITIBA - PR, 80050-240,
BRASIL",2020
"12/09/202
0",20:08,545,8,JI300,ATROPELAMENTO,CICLISTA,1,0,"RUA IZAAC FERREIRA DA CRUZ,
SÍTIO CERCADO, CURITIBA","R. SÃO JOSÉ DOS PINHAIS, 10 -
SÍTIO CERCADO, CURITIBA - PR,
81910-010, BRASIL","R. CAMPÍNA GRANDE DO SUL, 26 -
SÍTIO CERCADO, CURITIBA - PR,
81910-020, BRASIL",2020
"20/09/202
0",13:29,653,7,HI035,ATROPELAMENTO,CICLISTA,0,0,"RUA NOSSA SENHORA DO EQUILÍBRIO,
CIDADE INDUSTRIAL DE
CURITIBA,CURITIBA","R. JAÍR SILVEIRA, 88 - CIDADE
INDUSTRIAL DE CURITIBA, CURITIBA
- PR, 81450-757, BRASIL","R. THALLES PAULA DA SILVA, 10 -
SÃO MIGUEL, CURITIBA - PR,
81450-186, BRASIL",2020
"21/09/202
0",16:50,603,11,GD350,ATROPELAMENTO,CICLISTA,1,0,"AVENIDA REPÚBLICA ARGENTINA,
NOVO MUNDO, CURITIBA","R. PEDRO ZAGONEL, 17 - NOVO
MUNDO, CURITIBA - PR, 81050-110,
BRASIL","RUA LUIZ LEOPOLDO LANDAL, 10 -
NOVO MUNDO, CURITIBA - PR,
81050-120, BRASIL",2020
"19/10/202
0",18:28,200,11,GE736,ATROPELAMENTO,CICLISTA,1,0,"AVENIDA JOÃO GUALBERTO, ALTO DA
GLÓRIA, CURITIBA","R. AUGUSTO SEVERO, 605 - ALTO DA
GLÓRIA, CURITIBA - PR,
80030-240, BRASIL","R. MAUÁ, 861 - ALTO DA GLÓRIA,
CURITIBA - PR, 80030-200, BRASIL",2020
"09/11/202
0",22:35,23,3,BL328,ATROPELAMENTO,CICLISTA,0,0,"RUA PROFESSOR NIVALDO BRAGA,
CAPÃO DA IMBUIA, CURITIBA","AV. PRESIDENTE AFFONSO CAMARGO,
4415 - CAPÃO DA IMBUIA, CURITIBA
- PR, 82810-000, BRASIL","AV. PREFEITO MAURÍCIO FRUET,
2150 - CAJURU, CURITIBA - PR,
82900-010, BRASIL",2020
"11/11/202
0",06:42,633,11,GI038,ATROPELAMENTO,CICLISTA,0,1,"RUA PROFESSOR JÚLIO THEODORICO
GUIMARÃES, PINHEIRINHO, CURITIBA","RUA CID MARCONDES DE
ALBUQUERQUE, 2548 - PINHEIRINHO,
CURITIBA - PR, 81825-080, BRASIL","R. MONTE CARMELO, 191A -
PINHEIRINHO, CURITIBA - PR,
81825-170, BRASIL",2020
"07/12/202
0",07:25,23,4,CL600,ATROPELAMENTO,CICLISTA,1,0,"AVENIDA REPÚBLICA ARGENTINA,
NOVO MUNDO, CURITIBA","R. ITAJUBÁ, 1 - PORTÃO, CURITIBA
- PR, 81070-190, BRASIL","R. JOÃO PALOMEQUE, 12 - NOVO
MUNDO, CURITIBA - PR, 81050-040,
BRASIL",2020
"11/12/202
0",22:38,548,11,GI050,ATROPELAMENTO,CICLISTA,2,0,"RUA GUAÇUÍ, GANCHINHO, CURITIBA","RUA ARISTOCLETO TABORDA
PORTELLA, 134 - GANCHINHO,
CURITIBA - PR, 81935-378, BRASIL","RUA REGINALDO ANTONIO WACHESKI,
189 - SÍTIO CERCADO, CURITIBA -
PR, 81935-379, BRASIL",2020
"11/12/202
0",17:29,603,11,GE723,ATROPELAMENTO,CICLISTA,1,0,"AVENIDA SETE DE SETEMBRO,
CENTRO, CURITIBA","R. ALFERES POLI, 372 - CENTRO,
CURITIBA - PR, 80220-050, BRASIL","RUA 24 DE MAIO, 379 - CENTRO,
CURITIBA - PR, 82860-140, BRASIL",2020
"26/12/202
0",15:10,203,7,HE720,ATROPELAMENTO,CICLISTA,0,0,"AVENIDA REPÚBLICA ARGENTINA,
NOVO MUNDO, CURITIBA","RUA BERNARDO JACINTHO DA VEIGA,
30 - NOVO MUNDO, CURITIBA - PR,
81050-100, BRASIL","R. CEL. HERCULANO DE ARAÚJO, 40
- NOVO MUNDO, CURITIBA - PR,
81050-090, BRASIL",2020
"07/01/202
1",07:24,629,2,KA605,ATROPELAMENTO,CICLISTA,1,0,"RUA BORTOLO GUSSO, CAPÃO RASO,
CURITIBA","R. JOSÉ DORIGO, 233 - CAPÃO
RASO, CURITIBA - PR, 81110-140,
BRASIL","AV. BRASÍLIA, 5783 - NOVO MUNDO,
CURITIBA - PR, 81020-010, BRASIL",2021
"22/01/202
1",06:42,323,5,DA022,ATROPELAMENTO,CICLISTA,1,0,"RUA DOS FERROVIÁRIOS, CAJURU,
CURITIBA","RUA ROBERTO BRANDINI, 15 -
CAJURU, CURITIBA - PR,
82990-280, BRASIL","R. BRASILIO, 1593 - CAJURU,
CURITIBA - PR, 82920-100, BRASIL",2021
"06/02/202
1",15:16,203,7,HE718,ATROPELAMENTO,CICLISTA,1,0,"AVENIDA REPÚBLICA ARGENTINA,
PORTÃO, CURITIBA","AV. PRES. KENNEDY, 4191 -
PORTÃO, CURITIBA - PR,
80610-905, BRASIL","R. LEVINO SCHIER, 109 - PORTÃO,
CURITIBA - PR, 80610-254, BRASIL",2021
"15/02/202
1",20:58,X20,7,HE728,ATROPELAMENTO,CICLISTA,1,0,"AVENIDA REPÚBLICA ARGENTINA,
PORTÃO, CURITIBA","AV. PRES. KENNEDY, 4191 -
PORTÃO, CURITIBA - PR,
80610-905, BRASIL","AV. PRESIDENTE WENCESLAU BRAZ,
4017 - PAROLIN, CURITIBA - PR,
81010-001, BRASIL",2021
"17/03/202
1",06:45,550,11,GD348,ATROPELAMENTO,CICLISTA,1,0,"AVENIDA MARECHAL FLORIANO
PEIXOTO, PAROLIN, CURITIBA","AV. LINHA VERDE, 12124-12148 -
FANNY, CURITIBA - PR, 81610-020,
BRASIL","AV. DA REPÚBLICA, 4050 -
PAROLIN, CURITIBA - PR,
80220-430, BRASIL",2021
"18/03/202
1",13:41,500,11,GE716,ATROPELAMENTO,CICLISTA,1,0,"AVENIDA MARECHAL FLORIANO
PEIXOTO, BOQUEIRÃO, CURITIBA","R. HIPÓLITO DA COSTA, 944 -
BOQUEIRÃO, CURITIBA - PR,
81650-280, BRASIL","R. CLETO DA SILVA, 883 -
BOQUEIRÃO, CURITIBA - PR,
81650-290, BRASIL",2021
"07/04/202
1",07:36,684,7,HI609,ATROPELAMENTO,CICLISTA,1,0,"RUA DIRCE ROGAL TOMAZELI, CAMPO
DE SANTANA , CURITIBA","R. MARCOS BERTOLDI, 21 - CAMPO
DE SANTANA, CURITIBA - PR,
81490-530, BRASIL","RUA ADOLPHO BERTHOLDI, 128 -
CAMPO DE SANTANA, CURITIBA - PR,
81490-470, BRASIL",2021
"20/04/202
1",16:59,602,7,HE614,ATROPELAMENTO,CICLISTA,1,0,"AVENIDA WINSTON CHURCHILL, CAPÃO
RASO, CURITIBA","RUA VALENTIN DEDA, 105 - CAPÃO
RASO, CURITIBA - PR, 81312-160,
BRASIL","R. OURO VERDE, 74 - CAPÃO RASO,
CURITIBA - PR, 81130-130, BRASIL",2021
"26/04/202
1",07:15,505,6,EL317,ATROPELAMENTO,CICLISTA,1,0,"AVENIDA MARECHAL FLORIANO
PEIXOTO, BOQUEIRÃO, CURITIBA","R. PASTOR CARLOS FRANK, 1527 -
BOQUEIRÃO, CURITIBA - PR,
81730-340, BRASIL","R. DR. BLEY ZORNIG, 1854 - SALA
4 - 1°ANDAR - AV. MAL. FLORIANO
PEIXOTO - BOQUEIRÃO, CURITIBA -
PR, 81730-350, BRASIL",2021
"20/05/202
1",12:11,550,7,HE727,ATROPELAMENTO,CICLISTA,2,0,"AVENIDA SETE DE SETEMBRO,
CENTRO, CURITIBA","R. LOURENÇO PINTO, 500 - CENTRO,
CURITIBA - PR, 80010-160, BRASIL","AV. MAL. FLORIANO PEIXOTO, 1000
- CENTRO, CURITIBA - PR,
80230-110, BRASIL",2021
"02/06/202
1",13:33,684,7,HI604,ATROPELAMENTO,CICLISTA,1,0,"RUA ADOLPHO BERTOLDI, CAMPO DE
SANTANA, CURITIBA","R. EMÍLIO TELES DE LIMA, 189 -
CAMPO DE SANTANA, CURITIBA - PR,
81490-504, BRASIL","RUA EWERTON LEINIG SAPORSKI, 189
- CAMPO DE SANTANA, CURITIBA -
PR, 81490-506, BRASIL",2021
"06/06/202
1",00:40,040,11,GB611,ATROPELAMENTO,CICLISTA,1,0,"RUA JOÃO DEMBINSKI, CIDADE
INDUSTRIAL DE CURITIBA, CURITIBA","R. RIO DO SUL, 27 - CIDADE
INDUSTRIAL DE CURITIBA, CURITIBA
- PR, 81220-300, BRASIL","R. GARUVA, 1 - CIDADE INDUSTRIAL
DE CURITIBA, CURITIBA - PR,
81240-200, BRASIL",2021
"10/06/202
1",10:13,550,11,GE710,ATROPELAMENTO,CICLISTA,1,0,"LINHA VERDE - BR 476 - XAXIM,
CURITIBA","RUA OMAR RAYMUNDO PICHETH, 7 -
XAXIM, CURITIBA - PR, 81810-150,
BRASIL","R. BARÃO DE SANTO ÂNGELO, 20 -
XAXIM, CURITIBA - PR, 81810-140,
BRASIL",2021
"11/06/202
1",17:53,523,6,EI008,ATROPELAMENTO,CICLISTA,1,0,"RUA JOSÉ HAUER, BOQUEIRÃO,
CURITIBA","RUA O BRASIL PARA CRISTO, 2228 -
BOQUEIRÃO, CURITIBA - PR,
81730-070, BRASIL","R. CARLOS ESSENFELDER, 3000 -
BOQUEIRÃO, CURITIBA - PR,
81730-060, BRASIL",2021
"09/07/202
1",15:18,706,8,JB607,ATROPELAMENTO,CICLISTA,1,0,"RUA ALFERES POLI, REBOUÇAS,
CURITIBA","AV. PRES. GETÚLIO VARGAS, 1021 -
REBOUÇAS, CURITIBA - PR,
80230-030, BRASIL","AV. IGUAÇU, 887 - REBOUÇAS,
CURITIBA - PR, 80230-020, BRASIL",2021
"12/07/202
1",07:35,602,7,HE610,ATROPELAMENTO,CICLISTA,1,0,"AVENIDA MARECHAL FLORIANO
PEIXOTO, BOQUEIRÃO, CURITIBA","R. JOAQUIM DE FREITAS, 849 -
BOQUEIRÃO, CURITIBA - PR,
81730-310, BRASIL","R. PASTOR ANTÔNIO POLITO, 10901
- BOQUEIRÃO, CURITIBA - PR,
81770-260, BRASIL",2021
"12/07/202
1",05:35,716,8,JI859,ATROPELAMENTO,CICLISTA,1,0,"RUA LUDOVICO KAMINSKI, CIDADE
INDUSTRIAL DE CURITIBA, CURITIBA","R. CLAUDIO FELDENS, 62 - CIDADE
INDUSTRIAL DE CURITIBA, CURITIBA
- PR, 81260-414, BRASIL","R. PEDRO ALEIXO, 475 - CIDADE
INDUSTRIAL DE CURITIBA, CURITIBA
- PR, 81260-090, BRASIL",2021
"04/08/202
1",14:54,500,11,GE733,ATROPELAMENTO,CICLISTA,1,0,"AVENIDA MARECHAL FLORIANO
PEIXOTO, HAUER, CURITIBA","R. ARTUR HAUER, 280 - HAUER,
CURITIBA - PR, 81610-190, BRASIL","ROD. RÉGIS BITTENCOURT, 2429 -
CAPÃO RASO, CURITIBA - PR,
82710-250, BRASIL",2021
"07/08/202
1",13:02,548,11,GI046,ATROPELAMENTO,CICLISTA,1,0,"RUA DOM GERALDO MICHELLETO
PELLANDA, SÍTIO CERCADO,
CURITIBA","R. MANOEL NÓBREGA, 02 - SÍTIO
CERCADO, CURITIBA - PR,
81935-310, BRASIL","RUA NOSSA SENHORA DE CARAVAGGIO,
195 - SÍTIO CERCADO, CURITIBA -
PR, 81935-307, BRASIL",2021
"17/08/202
1",17:17,602,11,GE604,ATROPELAMENTO,CICLISTA,3,0,"RUA RICARDO GASPARIAN MACHADO,
PINHEIRINHO, CURITIBA","R. ROSA TORTATO, 471 -
PINHEIRINHO, CURITIBA - PR,
81870-090, BRASIL","R. JOSÉ FERREIRA DA ROCHA, 317 -
PINHEIRINHO, CURITIBA - PR,
81870-080, BRASIL",2021
"01/09/202
1",07:15,303,5,DE700,ATROPELAMENTO,CICLISTA,1,0,"AVENIDA PRESIDENTE AFFONSO
CAMARGO, CAPÃO DA IMBUIA,
CURITIBA","R. MARIANO TORRES, 1850 -
CENTRO, CURITIBA - PR,
80060-120, BRASIL","AV. SETE DE SETEMBRO, 2331 -
REBOUÇAS, CURITIBA - PR,
82860-140, BRASIL",2021
"02/09/202
1",16:50,303,5,DE712,ATROPELAMENTO,CICLISTA,1,0,"AVENIDA PRESIDENTE AFFONSO
CAMARGO, CAPÃO DA IMBUIA,
CURITIBA","R. NOSSA SRA. DE FÁTIMA, 15 -
CAPÃO DA IMBUIA, CURITIBA - PR,
82800-300, BRASIL","R. ALBERTO SLUD, 42 - CAPÃO DA
IMBUIA, CURITIBA - PR,
82800-320, BRASIL",2021
"20/09/202
1",19:44,860,9,LC027,ATROPELAMENTO,CICLISTA,1,0,"RUA TEIXEIRA SOARES, SEMINÁRIO,
CURITIBA","AV. N. SRA. APARECIDA, 53 -
SEMINÁRIO, CURITIBA - PR,
80440-000, BRASIL","AV. SETE DE SETEMBRO, 6391 -
SEMINÁRIO, CURITIBA - PR,
80240-001, BRASIL",2021
"23/09/202
1",07:12,603,7,HE704,ATROPELAMENTO,CICLISTA,1,0,"AVENIDA REPÚBLICA ARGENTINA,
ÁGUA VERDE, CURITIBA","AV. IGUAÇU, 2860 - ÁGUA VERDE,
CURITIBA - PR, 80240-031, BRASIL","AV. SILVA JARDIM, 2903 - ÁGUA
VERDE, CURITIBA - PR, 80240-020,
BRASIL",2021
"24/09/202
1",07:55,303,5,DE716,ATROPELAMENTO,CICLISTA,3,0,"AVENIDA SETE DE SETEMBRO,
CENTRO, CURITIBA","R. LOURENÇO PINTO, 500 - CENTRO,
CURITIBA - PR, 80010-160, BRASIL","R. BARÃO DO RIO BRANCO, 4240 -
CENTRO, CURITIBA - PR,
82860-140, BRASIL",2021
"28/09/202
1",07:33,304,5,DL040,ATROPELAMENTO,CICLISTA,1,0,"AVENIDA PRESIDENTE AFFONSO
CAMARGO, CAPÃO DA IMBUIA,
CURITIBA","R. BENEDITO GUIL, 2 - CAPÃO DA
IMBUIA, CURITIBA - PR,
82800-270, BRASIL","RUA JORGE BATISTA CROCETTI, 35 -
CAPÃO DA IMBUIA, CURITIBA - PR,
82800-280, BRASIL",2021
"20/10/202
1",12:47,505,6,EL324,ATROPELAMENTO,CICLISTA,1,0,"AVENIDA MARECHAL FLORIANO
PEIXOTO, BOQUEIRÃO, CURITIBA","R. SALVADOR FERRANTE, 1220 -
BOQUEIRÃO, CURITIBA - PR,
81650-230, BRASIL","RUA CORONEL LUIZ JOSÉ DOS
SANTOS, 1151 - BOQUEIRÃO,
CURITIBA - PR, 81650-240, BRASIL",2021
"05/11/202
1",11:38,022,3,BL610,ATROPELAMENTO,CICLISTA,1,0,"RUA DELEGADO LEOPOLDO BELCZAK,
CAPÃO DA IMBUIA, CURITIBA","RUA RONALD JOSÉ CARBONI, 258 -
CAPÃO DA IMBUIA, CURITIBA - PR,
82810-120, BRASIL","R. PROF. NIVALDO BRAGA, 1086 -
CAPÃO DA IMBUIA, CURITIBA - PR,
82810-150, BRASIL",2021
"26/11/202
1",19:25,502,2,KE707,ATROPELAMENTO,CICLISTA,1,0,"AVENIDA REPÚBLICA ARGENTINA,
NOVO MUNDO, CURITIBA","R. PEDRO BONAT, 52 - NOVO MUNDO,
CURITIBA - PR, 81110-040, BRASIL","R. PEDRO AMÉRICO, 688 - NOVO
MUNDO, CURITIBA - PR, 81110-010,
BRASIL",2021
"26/11/202
1",14:30,706,8,JC300,ATROPELAMENTO,CICLISTA,1,0,"PRAÇA RUI BARBOSA, CENTRO,
CURITIBA","PRAÇA RUI BARBOSA - CENTRO,
CURITIBA - PR, 82860-140, BRASIL","R. DES. WESTPHALEN, 285 -
CENTRO, CURITIBA - PR,
80010-110, BRASIL",2021
"01/12/202
1",17:14,684,7,HI606,ATROPELAMENTO,CICLISTA,1,0,"RUA JOANA RONCAGLIO BERTOLDI,
CAMPO DE SANTANA, CURITIBA","TV. JOSÉ OCHILISKI, 36 - CAMPO
DE SANTANA, CURITIBA - PR,
81490-352, BRASIL","R. ALDA BASSETE BERTHOLDI, 1368
- CAMPO DE SANTANA, CURITIBA -
PR, 81490-344, BRASIL",2021
"03/12/202
1",07:58,515,6,EI010,ATROPELAMENTO,CICLISTA,1,0,"RUA WILLIAM BOOTH, BOQUEIRÃO,
CURITIBA","R. MAESTRO CARLOS FRANK, 179 -
BOQUEIRÃO, CURITIBA - PR,
81730-320, BRASIL","R. PASTOR CARLOS FRANK, 559 -
BOQUEIRÃO, CURITIBA - PR,
81730-340, BRASIL",2021
"06/12/202
1",17:45,638,11,GI021,ATROPELAMENTO,CICLISTA,1,0,"RUA NOVA AURORA, SÍTIO CERCADO,
CURITIBA","R. PÉROLA DO OESTE, 234 - SÍTIO
CERCADO, CURITIBA - PR,
81925-417, BRASIL","R. PINHALÃO, 253 - SÍTIO
CERCADO, CURITIBA - PR,
81925-416, BRASIL",2021
"21/12/202
1",14:53,650,7,HI601,ATROPELAMENTO,CICLISTA,1,0,"MARGINAL LINHA VERDE - RODOVIA
BR 476, CIDADE INDUSTRIAL DE
CURITIBA, CURITIBA","R. PEDRO MAGALHÃES DE OLIVEIRA,
224 - PINHEIRINHO, CURITIBA -
PR, 81880-050, BRASIL","R. JOÃO CHEDE, 6842 - CIDADE
INDUSTRIAL, CURITIBA - PR,
81170-220, BRASIL",2021
"24/01/202
2",09:36,603,11,GE703,ATROPELAMENTO,CICLISTA,1,0,"AVENIDA REPÚBLICA ARGENTINA,
PORTÃO, CURITIBA","R. MORRETES, 6 - PORTÃO,
CURITIBA - PR, 80610-150, BRASIL","R. JOÃO GEARA, 14 - PORTÃO,
CURITIBA - PR, 80610-330, BRASIL",2022
"25/02/202
2",16:10,X39,4,CB697,ATROPELAMENTO,CICLISTA,0,0,"RUA ALBERICO FLORES BUENO,
ATUBA, CURITIBA","R. RIO GUAPORÉ, 646 - BAIRRO
ALTO, CURITIBA - PR, 82840-320,
BRASIL","R. RIO JAGUARIBE, 586 - BAIRRO
ALTO, CURITIBA - PR, 82840-330,
BRASIL",2022
"02/03/202
2",18:55,302,5,DE707,ATROPELAMENTO,CICLISTA,1,0,"AVENIDA PRESIDENTE AFFONSO
CAMARGO, CAPÃO DA IMBUIA,
CURITIBA","R. SÉTIMO SIMIONATO, 16 - CAPÃO
DA IMBUIA, CURITIBA - PR,
82800-310, BRASIL","R. NOSSA SRA. DE FÁTIMA, 21 -
CAPÃO DA IMBUIA, CURITIBA - PR,
82800-300, BRASIL",2022
"09/03/202
2",12:19,502,11,GR035,ATROPELAMENTO,CICLISTA,3,0,"AVENIDA MARECHAL FLORIANO
PEIXOTO, BOQUEIRÃO, CURITIBA","RUA MAESTRO CARLOS FRANK, 1352 -
ALTO BOQUEIRÃO, CURITIBA - PR,
81730, BRASIL","RUA PADRE ESTANISLAU
TRZEBIATOWSKI, 34 - BOQUEIRÃO,
CURITIBA - PR, 81750-390, BRASIL",2022
"10/03/202
2",15:00,303,5,DE703,ATROPELAMENTO,CICLISTA,1,0,"RUA PROFESSOR FERNANDO MOREIRA,
CENTRO, CURITIBA","ALAMEDA PRUDENTE DE MORAES, 809
- CENTRO, CURITIBA - PR,
80430-234, BRASIL","R. BRG. FRANCO, 797 - ÁGUA
VERDE, CURITIBA - PR, 80430-210,
BRASIL",2022
"17/03/202
2",20:31,603,7,HE722,ATROPELAMENTO,CICLISTA,1,0,"AVENIDA REPÚBLICA ARGENTINA,
PORTÃO, CURITIBA","R. CARLOS DIETZSCH, 25 - PORTÃO,
CURITIBA - PR, 80330-000, BRASIL","RUA LUIZ PARIGOT DE SOUZA, 3 -
PORTÃO, CURITIBA - PR,
81070-050, BRASIL",2022
"26/04/202
2",18:31,550,11,GE715,ATROPELAMENTO,CICLISTA,1,0,"AVENIDA SETE DE SETEMBRO,
CENTRO, CURITIBA","R. LOURENÇO PINTO, 500 - CENTRO,
CURITIBA - PR, 80010-160, BRASIL","AV. MAL. FLORIANO PEIXOTO, 1000
- CENTRO, CURITIBA - PR,
80230-110, BRASIL",2022
"27/04/202
2",12:02,552,11,GC010,ATROPELAMENTO,CICLISTA,1,0,"RUA TIJUCAS DO SUL, SÍTIO
CERCADO, CURITIBA","R. DES CARLOS P GUIMARAES, 233 -
SÍTIO CERCADO, CURITIBA - PR,
81925-450, BRASIL","R. MIN. FLÁVIO SUPLICY DE
LACERDA, 273 - SÍTIO CERCADO,
CURITIBA - PR, 81925-470, BRASIL",2022
"19/05/202
2",18:10,706,8,JC302,ATROPELAMENTO,CICLISTA,2,0,"AVENIDA PRESIDENTE ARTHUR DA
SILVA BERNARDES, SANTA QUITÉRIA,
CURITIBA","RUA REINALDO PAZELLO, 2 - SANTA
QUITERIA, CURITIBA - PR,
80310-110, BRASIL","R. PROF. ULISSES VIEIRA, 1241 -
SANTA QUITERIA, CURITIBA - PR,
80310-120, BRASIL",2022
"25/05/202
2",07:24,625,11,GI036,ATROPELAMENTO,CICLISTA,1,0,"RUA CID MARCONDES DE
ALBUQUERQUE, PINHEIRINHO,
CURITIBA","R. JOSÉ OSÍRES BAGLIOLI, 1365 -
PINHEIRINHO, CURITIBA - PR,
81820-090, BRASIL","R. QUATORZE BIS, 91 -
PINHEIRINHO, CURITIBA - PR,
81820-170, BRASIL",2022
"14/06/202
2",13:36,550,7,HE719,ATROPELAMENTO,CICLISTA,1,0,"RUA SANDER ROBERTO DA CUNHA,
CAPÃO RASO, CURITIBA","R. ANDRÉ FERREIRA BARBOSA, 1091
- CAPÃO RASO, CURITIBA - PR,
81130-210, BRASIL","RODOVIA BR476, 18288 -
PINHEIRINHO, CURITIBA - PR,
81020-490, BRASIL",2022
"22/06/202
2",21:50,303,5,DE713,ATROPELAMENTO,CICLISTA,1,0,"AVENIDA SETE DE SETEMBRO,
CENTRO, CURITIBA","TV. DA LAPA, 11 - CENTRO,
CURITIBA - PR, 80010-190, BRASIL","R. BARÃO DO RIO BRANCO, 4240 -
CENTRO, CURITIBA - PR,
82860-140, BRASIL",2022
"04/07/202
2",18:50,380,4,CC194,ATROPELAMENTO,CICLISTA,1,0,"PRAÇA DAS NAÇÕES, ALTO DA RUA
XV, CURITIBA","AV. SETE DE SETEMBRO, 49 -
CRISTO REI, CURITIBA - PR,
80050-315, BRASIL","RUA RAPHAEL PAPA, 10 - JARDIM
SOCIAL, CURITIBA - PR,
82590-100, BRASIL",2022
"26/07/202
2",18:32,X20,7,HE602,ATROPELAMENTO,CICLISTA,4,0,"RUA JOÃO LAERTES BOCHNIA,
PINHEIRINHO, CURITIBA","RUA JOSÉ EGIDIO MARTINS, 50 -
PINHEIRINHO, CURITIBA - PR,
81870-352, BRASIL","R. IZAAC FERREIRA DA CRUZ, 530 -
PINHEIRINHO, CURITIBA - PR,
81870-000, BRASIL",2022
"30/07/202
2",11:08,548,11,GI040,ATROPELAMENTO,CICLISTA,1,0,"RUA MAESTRO JOÃO KOZAK,
GANCHINHO, CURITIBA","AC. 04, OC-099 - GANCHINHO,
CURITIBA - PR, 81935-395, BRASIL","RUA ANTONIO JOSÉ BONATO, 1193 -
GANCHINHO, CURITIBA - PR,
81935-399, BRASIL",2022
"02/08/202
2",17:37,545,2,KA696,ATROPELAMENTO,CICLISTA,1,0,"RUA JOÃO ALVES, CIDADE
INDUSTRIAL DE CURITIBA, CURITIBA","RUA PROFESSOR ALGACYR MUNHOZ
MADER, 3360 - CIDADE INDUSTRIAL
DE CURITIBA, CURITIBA - PR,
81020-490, BRASIL","RUA XIQUINHO ZIMERMANN, 203 -
CIDADE INDUSTRIAL DE CURITIBA,
CURITIBA - PR, 81350-310, BRASIL",2022
"11/08/202
2",21:14,507,6,EL322,ATROPELAMENTO,CICLISTA,0,1,"AVENIDA MARECHAL FLORIANO
PEIXOTO, HAUER, CURITIBA","R. MAJ. FABRICIANO DO RÊGO
BARROS, 645 - HAUER, CURITIBA -
PR, 81630-260, BRASIL","R. ROBERTO HAUER, 499 - HAUER,
CURITIBA - PR, 81610-180, BRASIL",2022
"17/08/202
2",12:20,655,7,HI008,ATROPELAMENTO,CICLISTA,0,0,"RUA ERNESTO GERMANO FRANCISCO
HANNEMANN,TATUQUARA,CURITIBA","R. PROF. EUGÊNIO GUDIN, 204 -
TATUQUARA, CURITIBA - PR,
81480-229, BRASIL","R. JOVENILSON AMÉRICO DE
OLIVEIRA, 285 - TATUQUARA,
CURITIBA - PR, 81480-230, BRASIL",2022
"19/08/202
2",20:08,502,7,HE604,ATROPELAMENTO,CICLISTA,1,0,"AVENIDA MARECHAL FLORIANO
PEIXOTO, HAUER, CURITIBA","R. DR. JÚLIO CÉSAR RIBEIRO DE
SOUZA, 782 - HAUER, CURITIBA -
PR, 81630-200, BRASIL","RUA ALCINO GUANABARA, 804 -
HAUER, CURITIBA - PR, 81630-190,
BRASIL",2022
"30/08/202
2",13:33,505,6,EL329,ATROPELAMENTO,CICLISTA,1,0,"AVENIDA MARECHAL FLORIANO
PEIXOTO, HAUER, CURITIBA","RUA PROFESSOR JOSÉ MAURÍCIO
HIGGINS, 1068 - BOQUEIRÃO,
CURITIBA - PR, 81650-250, BRASIL","RUA CORONEL LUIZ JOSÉ DOS
SANTOS, 1251 - BOQUEIRÃO,
CURITIBA - PR, 81670-400, BRASIL",2022
"01/09/202
2",18:07,304,5,DL313,ATROPELAMENTO,CICLISTA,2,0,"AVENIDA PRESIDENTE AFFONSO
CAMARGO, CRISTO REI, CURITIBA","R. SCHILLER, 16 - CRISTO REI,
CURITIBA - PR, 80050-260, BRASIL","R. PADRE GERMANO MAYER, 33 -
CRISTO REI, CURITIBA - PR,
80050-270, BRASIL",2022
"26/09/202
2",17:30,550,11,GE703,ATROPELAMENTO,CICLISTA,2,0,"LINHA VERDE, FANNY, CURITIBA","R. ROBERTO FARIA, 21 - FANNY,
CURITIBA - PR, 81030-150, BRASIL","R. PROF. JOÃO SOARES BARCELOS,
63 - HAUER, CURITIBA - PR,
81630-060, BRASIL",2022
"16/10/202
2",17:53,603,7,HE724,ATROPELAMENTO,CICLISTA,1,0,"AVENIDA SETE DE SETEMBRO, BATEL,
CURITIBA","R. CEL. DULCÍDIO, 4363 - ÁGUA
VERDE, CURITIBA - PR, 80250-210,
BRASIL","R. PASTEUR, 364 - BATEL,
CURITIBA - PR, 80250-104, BRASIL",2022
"28/10/202
2",07:18,506,6,EL316,ATROPELAMENTO,CICLISTA,1,0,"RUA DOUTOR LEVY BUQUERA, SÍTIO
CERCADO, CURITIBA","R. DOS PIONEIROS, 2311 - SÍTIO
CERCADO, CURITIBA - PR,
81910-190, BRASIL","R. JOSÉ ALCEU SABATKE, 50 -
SÍTIO CERCADO, CURITIBA - PR,
81910-730, BRASIL",2022
"30/10/202
2",18:16,603,7,HE725,ATROPELAMENTO,CICLISTA,1,0,"AVENIDA REPÚBLICA ARGENTINA,
PORTÃO, CURITIBA","R. JOÃO BETTEGA, 30 - PORTÃO,
CURITIBA - PR, 81070-000, BRASIL","RUA LUIZ PARIGOT DE SOUZA, 10 -
PORTÃO, CURITIBA - PR,
81070-050, BRASIL",2022
"08/11/202
2",19:36,508,11,GL310,ATROPELAMENTO,CICLISTA,1,0,"AVENIDA MARECHAL FLORIANO
PEIXOTO, BOQUEIRÃO, CURITIBA","RUA DESEMBARGADOR ANTONIO DE
PAULA, 1609 - BOQUEIRÃO,
CURITIBA - PR, 81730-380, BRASIL","RUA PROFESSORA JOANITA BERNETT
PASSOS, 2011 - BOQUEIRÃO,
CURITIBA - PR, 81730-390, BRASIL",2022
"30/12/202
2",14:31,550,11,GE714,ATROPELAMENTO,CICLISTA,1,0,"AVENIDA MARECHAL FLORIANO
PEIXOTO, PAROLIN, CURITIBA","R. DAVID DE SOUZA CAMARGO, 3960
- PRADO VELHO, CURITIBA - PR,
80220-470, BRASIL","LINHA VERDE, 12174 - FANNY,
CURITIBA - PR, 81610-020, BRASIL",2022
"23/01/202
3",09:41,508,11,GL329,ATROPELAMENTO,CICLISTA,1,0,"RUA JOÃO LAERTES BOCHNIA,
PINHEIRINHO, CURITIBA","RUA JOSÉ EGIDIO MARTINS, 50 -
PINHEIRINHO, CURITIBA - PR,
81870-352, BRASIL","R. IZAAC FERREIRA DA CRUZ, 530 -
PINHEIRINHO, CURITIBA - PR,
81870-000, BRASIL",2023
"23/01/202
3",18:21,531,6,EA023,ATROPELAMENTO,CICLISTA,1,0,"RUA MAESTRO CARLOS FRANK,
BOQUEIRÃO, CURITIBA","R. PEDRO RAMOS DE OLIVEIRA, 33 -
ALTO BOQUEIRÃO, CURITIBA - PR,
81750-410, BRASIL","R. PAULO SETÚBAL, 5320 -
BOQUEIRÃO, CURITIBA - PR,
81750-190, BRASIL",2023
"17/02/202
3",19:52,633,11,GC018,ATROPELAMENTO,CICLISTA,0,0,"RUA PROFESSOR JÚLIO TEODORICO
GUIMARÃES, PINHEIRINHO, CURITIBA","R. FRANCISCO CLAUDINO FERREIRA,
819 - PINHEIRINHO, CURITIBA -
PR, 81825-260, BRASIL","R. FRANCISCO BARBOSA, 410 -
PINHEIRINHO, CURITIBA - PR,
81825-230, BRASIL",2023
"26/02/202
3",11:30,684,7,HI043,ATROPELAMENTO,CICLISTA,1,0,"RUA ENETTE DUBARD, TATUQUARA,
CURITIBA","R. NELSON ANTONIO ZAMPROGNA, 506
- TATUQUARA, CURITIBA - PR,
81470-420, BRASIL","R. JORN. EMÍLIO ZOLÁ FLORENZANO,
174 - TATUQUARA, CURITIBA - PR,
81470-300, BRASIL",2023
"05/03/202
3",20:27,603,7,HE724,ATROPELAMENTO,CICLISTA,0,1,"AVENIDA SETE DE SETEMBRO, BATEL,
CURITIBA","R. ALFERES ÂNGELO SAMPAIO, 1108
- ÁGUA VERDE, CURITIBA - PR,
80420-160, BRASIL","R. BENTO VIANA, 1040 - ÁGUA
VERDE, CURITIBA - PR, 80240-110,
BRASIL",2023
"06/03/202
3",19:09,550,7,HE704,ATROPELAMENTO,CICLISTA,1,0,"BR 476 - LINHA VERDE, XAXIM,
CURITIBA","RUA HELLEN KELLER, 6 - CAPÃO
RASO, CURITIBA - PR, 81020-590,
BRASIL","R. FREI HENRIQUE DE COIMBRA,
4261 - XAXIM, CURITIBA - PR,
81630-220, BRASIL",2023
"13/03/202
3",18:51,203,7,HE717,ATROPELAMENTO,CICLISTA,1,0,"TRAVESSA DA LAPA, CENTRO,
CURITIBA","AV. VISC. DE GUARAPUAVA, 13 -
CENTRO, CURITIBA - PR,
80045-345, BRASIL","AV. SETE DE SETEMBRO, 2686 -
CRISTO REI, CURITIBA - PR,
80230-085, BRASIL",2023
"28/03/202
3",17:10,303,8,JE709,ATROPELAMENTO,CICLISTA,3,0,"RUA DEPUTADO HEITOR ALENCAR
FURTADO, MOSSUNGUÊ, CURITIBA","R. FRANCISCO JUGLAIR, 528 -
MOSSUNGUÊ, CURITIBA - PR,
81200-230, BRASIL","RUA GRÃ NICCO, 240 - MOSSUNGUÊ,
CURITIBA - PR, 81200-200, BRASIL",2023
"06/04/202
3",20:30,60,7,HB601,ATROPELAMENTO,CICLISTA,1,0,"RUA EDUARDO SPRADA, CIDADE
INDUSTRIAL DE CURITIBA, CURITIBA","R. ROBERT REDZIMSKI, 41 - CIDADE
INDUSTRIAL DE CURITIBA, CURITIBA
- PR, 81270-102, BRASIL","R. DEP. HEITOR ALENCAR FURTADO,
4002 - CIDADE INDUSTRIAL DE
CURITIBA, CURITIBA - PR,
81280-340, BRASIL",2023
"12/04/202
3",05:55,603,7,HE728,ATROPELAMENTO,CICLISTA,0,0,"AVENIDA SETE DE SETEMBRO,
CENTRO, CURITIBA","R. ALFERES POLI, 372 - CENTRO,
CURITIBA - PR, 80220-050, BRASIL","RUA 24 DE MAIO, 379 - CENTRO,
CURITIBA - PR, 80220-060, BRASIL",2023
"18/04/202
3",18:07,603,7,HE700,ATROPELAMENTO,CICLISTA,0,0,"AVENIDA REPÚBLICA ARGENTINA,
ÁGUA VERDE, CURITIBA","R. PALMEIRAS, 18 - ÁGUA VERDE,
CURITIBA - PR, 80620-110, BRASIL","R. MURILO DO AMARAL FERREIRA,
1595 - ÁGUA VERDE, CURITIBA -
PR, 80620-120, BRASIL",2023
"18/04/202
3",19:01,505,6,EL330,ATROPELAMENTO,CICLISTA,1,0,"AVENIDA MARECHAL FLORIANO
PEIXOTO, BOQUEIRÃO, CURITIBA","R. ANTÔNIO SCHIEBEL, 1340 -
BOQUEIRÃO, CURITIBA - PR,
81670-380, BRASIL","R. SALVADOR FERRANTE, 1299 -
BOQUEIRÃO, CURITIBA - PR,
81670-390, BRASIL",2023
"19/04/202
3",16:32,338,5,DC297,ATROPELAMENTO,CICLISTA,1,0,"RUA DEPUTADO TENÓRIO CAVALCANTI,
UBERABA, CURITIBA","R. SD. VICENTE PEREIRA MIRANDA,
2 - UBERABA, CURITIBA - PR,
81590-070, BRASIL","R. ATÍLIO PIOTO, 2 - UBERABA,
CURITIBA - PR, 81590-060, BRASIL",2023
"07/05/202
3",19:40,203,3,BE727,ATROPELAMENTO,CICLISTA,1,0,"AVENIDA SETE DE SETEMBRO,
CENTRO, CURITIBA","TV. DA LAPA, 11 - CENTRO,
CURITIBA - PR, 80010-190, BRASIL","R. BARÃO DO RIO BRANCO, 979 -
CENTRO, CURITIBA - PR,
80010-180, BRASIL",2023
"12/05/202
3",07:09,302,5,DE696,ATROPELAMENTO,CICLISTA,1,0,"AVENIDA PRESIDENTE AFFONSO
CAMARGO, BAIRRO JARDIM BOTÂNICO,
CURITIBA","R. ZEILA MOURA DOS SANTOS, 101 -
CRISTO REI, CURITIBA - PR,
80050-605, BRASIL","R. SCHILLER, 1 - CRISTO REI,
CURITIBA - PR, 80210-010, BRASIL",2023
"22/05/202
3",08:23,528,6,EA602,ATROPELAMENTO,CICLISTA,1,0,"RUA TIJUCAS DO SUL, SÍTIO
CERCADO, CURITIBA","RUA MARIA NICOLAS, 54 - SÍTIO
CERCADO, CURITIBA - PR,
81925-380, BRASIL","R. JUSSARA, 2460 - SÍTIO
CERCADO, CURITIBA - PR,
81925-410, BRASIL",2023
"24/05/202
3",17:06,303,5,DE713,ATROPELAMENTO,CICLISTA,1,0,"RUA VISCONDE DE NÁCAR, CENTRO,
CURITIBA","RUA EMILIANO PERNETA, 358 -
CENTRO, CURITIBA - PR,
80010-050, BRASIL","PRAÇA RUI BARBOSA - CENTRO,
CURITIBA - PR, 82860-140, BRASIL",2023
"25/05/202
3",07:31,512,6,EA020,ATROPELAMENTO,CICLISTA,1,0,"RUA CORONEL LUIZ JOSÉ DOS
SANTOS, XAXIM, CURITIBA","RUA PARANACITY, 134 - XAXIM,
CURITIBA - PR, 81830-160, BRASIL","RUA SANTO BOZZI, 185 - XAXIM,
CURITIBA - PR, 81830-120, BRASIL",2023
"30/05/202
3",07:33,550,7,HE711,ATROPELAMENTO,CICLISTA,0,0,"AVENIDA SETE DE SETEMBRO,
CENTRO, CURITIBA","R. LOURENÇO PINTO, 500 - CENTRO,
CURITIBA - PR, 80010-160, BRASIL","AV. MAL. FLORIANO PEIXOTO, 1000
- CENTRO, CURITIBA - PR,
80220-000, BRASIL",2023
"03/06/202
3",12:43,602,7,HE728,ATROPELAMENTO,CICLISTA,1,0,"AVENIDA MARECHAL FLORIANO
PEIXOTO, HAUER, CURITIBA","RUA CORONEL LUIZ JOSÉ DOS
SANTOS, 1151 - BOQUEIRÃO,
CURITIBA - PR, 81650-240, BRASIL","R. SALVADOR FERRANTE, 1220 -
BOQUEIRÃO, CURITIBA - PR,
81650-230, BRASIL",2023
"02/07/202
3",21:00,168,3,BI901,ATROPELAMENTO,CICLISTA,1,0,"TRAVESSA NESTOR DE CASTRO,
CENTRO HISTÓRICO, CENTRO,
CURITIBA","R. DO ROSÁRIO, 9 - CENTRO,
CURITIBA - PR, 80020-110, BRASIL","R. BARÃO DO SERRO AZUL, 135 -
CENTRO, CURITIBA - PR,
80020-180, BRASIL",2023
"02/07/202
3",22:14,502,11,GE605,ATROPELAMENTO,CICLISTA,1,0,"LINHA VERDE, FANNY, CURITIBA","RUA ESCRITORA LOURDES STROZZI -
PAROLIN, CURITIBA - PR,
82710-250, BRASIL","AV. PRESIDENTE WENCESLAU BRAZ, 2
- LINDOIA, CURITIBA - PR,
81030-030, BRASIL",2023
"31/07/202
3",19:38,23,3,BL329,ATROPELAMENTO,CICLISTA,1,0,"AVENIDA REPÚBLICA ARGENTINA,
NOVO MUNDO, CURITIBA","R. PEDRO ZAGONEL, 1 - NOVO
MUNDO, CURITIBA - PR, 81050-110,
BRASIL","R. BERNARDO JACINTHO DA VEIGA,
28 - NOVO MUNDO, CURITIBA - PR,
81050-100, BRASIL",2023
"05/09/202
3",18:36,629,2,KI601,ATROPELAMENTO,CICLISTA,1,0,"4238, RUA FRANCISCO DEROSSO,
XAXIM","RUA JORGE BREY, 4321 - XAXIM,
CURITIBA - PR, 81720-230, BRASIL","R. VER. YRLAN CAVET, 10 - ALTO
BOQUEIRÃO, CURITIBA - PR,
81720-340, BRASIL",2023
"15/09/202
3",20:05,302,5,DE694,ATROPELAMENTO,CICLISTA,1,0,"RUA ENGENHEIRO COSTA BARROS,
CAJURU, CURITIBA","R. FONTE DA VIDA, 27 - CAJURU,
CURITIBA - PR, 82930-320, BRASIL","RUA SEBASTIÃO MARCOS LUIZ, 700 -
CAJURU, CURITIBA - PR,
82930-060, BRASIL",2023
"16/09/202
3",14:46,166,3,BC012,ATROPELAMENTO,CICLISTA,0,0,"RUA SÃO FRANCISCO XAVIER,
PILARZINHO, CURITIBA","RUA MIGUEL SPODARYK, PILARZINHO,
CURITIBA","R. MARCÍLIA VAZ CARNEIRO, 163 -
PILARZINHO, CURITIBA - PR,
82100-720, BRASIL",2023
"27/09/202
3",17:05,30,3,BB607,ATROPELAMENTO,CICLISTA,0,0,"RUA WALDEMAR LOUREIRO CAMPOS,
XAXIM, CURITIBA","RUA OMAR RAYMUNDO PICHETH, 1500
- XAXIM, CURITIBA - PR,
81830-650, BRASIL","R. CATARINA GOOSEN, 496 - XAXIM,
CURITIBA - PR, 81830-050, BRASIL",2023
"11/10/202
3",14:56,541,11,GI030,ATROPELAMENTO,CICLISTA,1,0,"RUA SÃO JOSÉ DOS PINHAIS, SÍTIO
CERCADO, CURITIBA","R. OURIZONA, 1842 - SÍTIO
CERCADO, CURITIBA - PR,
81925-360, BRASIL","RUA MARIA NICOLAS, 310 - SÍTIO
CERCADO, CURITIBA - PR,
81925-380, BRASIL",2023
"28/10/202
3",08:33,550,7,HE719,ATROPELAMENTO,CICLISTA,1,0,"AVENIDA SETE DE SETEMBRO,
CURITIBA","AVENIDA MARECHAL FLORIANO
PEIXOTO, REBOUÇAS, CURITIBA","R. LOURENÇO PINTO, 500 - CENTRO,
CURITIBA - PR, 80010-160, BRASIL",2023
"10/11/202
3",14:50,623,7,HA026,ATROPELAMENTO,CICLISTA,0,0,"RUA LAUDELINO FERREIRA LOPES,
CAPÃO RASO, CURITIBA","R. DESIDÉRIO BRUGNHOLO, 13 -
CAPÃO RASO, CURITIBA - PR,
81130-030, BRASIL","R. PEDRO GUSSO, 1250 - NOVO
MUNDO, CURITIBA - PR, 81050-200,
BRASIL",2023
"14/11/202
3",08:59,700,3,BL312,ATROPELAMENTO,CICLISTA,1,0,"AVENIDA CÂNDIDO DE ABREU, CENTRO
CÍVICO, CURITIBA","R. COMENDADOR FONTANA, 29 -
CENTRO CÍVICO, CURITIBA - PR,
80030-070, BRASIL","R. HEITOR STOCKLER DE FRANÇA,
470 - CENTRO CÍVICO, CURITIBA -
PR, 80030-030, BRASIL",2023
"02/12/202
3",08:16,265,7,HI850,ATROPELAMENTO,CICLISTA,1,0,"AVENIDA MARECHAL FLORIANO
PEIXOTO, HAUER, CURITIBA","AV. SETE DE SETEMBRO, 2775 -
LOJA C03 - CENTRO, CURITIBA -
PR, 80230-010, BRASIL","AV. SILVA JARDIM, 717 - ÁGUA
VERDE, CURITIBA - PR, 80230-000,
BRASIL",2023
"07/12/202
3",16:22,512,6,EA075,ATROPELAMENTO,CICLISTA,0,0,"RUA EVARISTO DA VEIGA,
BOQUEIRÃO, CURITIBA","RUA CONDE DE SÃO JOÃO DAS DUAS
BARRAS, 1387 - BOQUEIRÃO,
CURITIBA - PR, 81670-170, BRASIL","R. PROF. JOSÉ NOGUEIRA DOS
SANTOS, 1479 - HAUER, CURITIBA -
PR, 81670-160, BRASIL",2023
"22/12/202
3",16:23,552,11,GI042,ATROPELAMENTO,CICLISTA,0,0,"RUA ARAPONGAS, SÍTIO CERCADO,
CURITIBA","R. NICOLA PELLANDA, 1571 -
PINHEIRINHO, CURITIBA - PR,
81900-405, BRASIL","R. CARLÓPOLIS, 940 - SÍTIO
CERCADO, CURITIBA - PR,
81880-390, BRASIL",2023
"27/12/202
3",18:04,380,4,CC301,ATROPELAMENTO,CICLISTA,1,0,"PRAÇA ZACARIAS, CENTRO, CURITIBA","RUA DESEMBARGADOR WESTPHALEN,
CENTRO, CURITIBA","ALAMEDA DOUTOR MURICY, CENTRO,
CURITIBA",2023
"17/01/202
4",16:20,550,7,HE701,ATROPELAMENTO,CICLISTA,1,0,"RUA ANDRÉ FERREIRA BARBOSA,
CAPÃO RASO, CURITIBA","RUA JOSÉ RODRIGUES PINHEIRO, 2 -
CAPÃO RASO, CURITIBA - PR,
81130-200, BRASIL","R. SANDER ROBERTO DA CUNHA, 250
- PINHEIRINHO, CURITIBA - PR,
81110-528, BRASIL",2024
"18/01/202
4",07:20,550,7,HE709,ATROPELAMENTO,CICLISTA,1,0,"BR 116 - LINHA VERDE, FANNY,
CURITIBA","AV. PRESIDENTE WENCESLAU BRAZ,
43 - FANNY, CURITIBA - PR,
81030-030, BRASIL","R. PROF. JOÃO SOARES BARCELOS,
54 - HAUER, CURITIBA - PR,
81630-060, BRASIL",2024
"09/02/202
4",15:54,603,7,HE703,ATROPELAMENTO,CICLISTA,0,0,"AVENIDA REPÚBLICA ARGENTINA,
ÁGUA VERDE, CURITIBA","RUA GOIÁS, ÁGUA VERDE, CURITIBA","RUA LEÔNIDAS MOCELLIN, ÁGUA
VERDE, CURITIBA",2024
"21/02/202
4",07:41,550,7,HE719,ATROPELAMENTO,CICLISTA,0,0,"BR 476 - LINHA VERDE, HAUER,
CURITIBA","AVENIDA PRESIDENTE WENCESLAU
BRAZ, FANNY, CURITIBA","RUA PROFESSOR JOÃO SOARES
BARCELOS, HAUER, CURITIBA",2024
"24/02/202
4",16:40,203,3,BE725,ATROPELAMENTO,CICLISTA,1,0,"AVENIDA JOÃO GUALBERTO, CENTRO,
CURITIBA","R. LUIZ LEÃO, 240 - MATRIZ,
CURITIBA - PR, 80030-010, BRASIL","R. PADRE ANTÔNIO, 10 - CENTRO,
CURITIBA - PR, 80030-100, BRASIL",2024
"24/02/202
4",10:45,307,4,CL302,ATROPELAMENTO,CICLISTA,1,0,"AVENIDA PRESIDENTE AFFONSO
CAMARGO, CAJURU, CURITIBA","AV. SÃO JOSÉ, 199 - CRISTO REI,
CURITIBA - PR, 80050-350, BRASIL","R. POE. FRANCISCO F LEITE, 10 -
CRISTO REI, CURITIBA - PR,
80050-360, BRASIL",2024
"25/02/202
4",10:56,545,2,KC001,ATROPELAMENTO,CICLISTA,1,0,"RUA IZAAC FERREIRA DA CRUZ,
SÍTIO CERCADO, CURITIBA","RUA SÃO JOSÉ DOS PINHAIS, SÍTIO
CERCADO, CURITIBA","RUA CAFEARA, SÍTIO CERCADO,
CURITIBA",2024
"04/03/202
4",08:19,350,7,HD250,ATROPELAMENTO,CICLISTA,1,0,"BR 476 - LINHA VERDE, CAPÃO DA
IMBUIA, CURITIBA","RUA DELEGADO LEOPOLDO BELCZAK,
CAPÃO DA IMBUIA, CURITIBA","RUA ROBERTO CICHON, CAPÃO DA
IMBUIA, CURITIBA",2024
"09/03/202
4",15:30,505,6,EL325,ATROPELAMENTO,CICLISTA,1,0,"AVENIDA MARECHAL FLORIANO
PEIXOTO, BOQUEIRÃO, CURITIBA","RUA CORONEL LUIZ JOSÉ DOS
SANTOS, BOQUEIRÃO, CURITIBA","RUA SALVADOR FERRANTE,
BOQUEIRÃO, CURITIBA,",2024
"09/03/202
4",09:30,680,7,HI033,ATROPELAMENTO,CICLISTA,1,0,"RUA JOSUÉ CAMARGO, CAMPO DE
SANTANA, CURITIBA","RUA LUCIANO RABELO, JARDIM
SANTANA, CAMPO DE SANTANA,
CURITIBA","RUA BENEDITO GOMES DOS REIS,
CAMPO DE SANTANA, CURITIBA",2024
"14/03/202
4",12:17,203,7,HE717,ATROPELAMENTO,CICLISTA,1,0,"AVENIDA REPÚBLICA ARGENTINA,
PORTÃO, CURITIBA","RUA ARION NIEPCE DA SILVA,
PORTÃO, CURITIBA","RUA MORRETES, PORTÃO, CURITIBA",2024
"27/03/202
4",10:10,500,11,GE719,ATROPELAMENTO,CICLISTA,1,0,"RUA PEDRO IVO, CENTRO, CURITIBA","AVENIDA MARECHAL FLORIANO
PEIXOTO, CENTRO","RUA LOURENÇO PINTO, CENTRO,
CURITIBA",2024
"28/03/202
4",18:52,302,5,DE698,ATROPELAMENTO,CICLISTA,1,0,"RUA ENGENHEIRO COSTA BARROS,
CAJURU, CURITIBA","RUA SEBASTIÃO MARCOS LUIZ,
CAJURU, CURITIBA","RUA FONTE DA VIDA, CAJURU,
CURITIBA",2024
"09/04/202
4",18:10,250,3,BE717,ATROPELAMENTO,CICLISTA,1,0,"AVENIDA REPÚBLICA ARGENTINA,
ÁGUA VERDE, CURITIBA","AVENIDA IGUAÇU, ÁGUA VERDE,
CURITIBA","AVENIDA PRESIDENTE GETÚLIO
VARGAS, ÁGUA VERDE, CURITIBA",2024
"22/04/202
4",19:48,321,5,DA014,ATROPELAMENTO,CICLISTA,1,0,"RUA AMADOR BUENO, CAJURU,
CURITIBA","RUA BIRMÂNIA, CAJURU, CURITIBA","RUA SUDÃO, CAJURU, CURITIBA",2024
"05/05/202
4",10:26,612,7,HA028,ATROPELAMENTO,CICLISTA,1,0,"RUA JOÃO BETTEGA, FAZENDINHA,
CURITIBA","RUA ARISTIDES BORSATO,
FAZENDINHA, CURITIBA","RUA GUAPIRAMA, FAZENDINHA,
CURITIBA",2024
"06/05/202
4",06:50,182,3,BC304,ATROPELAMENTO,CICLISTA,0,0,"AVENIDA ANITA GARIBALDI,
BARREIRINHA, CURITIBA","RUA PROFESSOR LEONARDO COBBE,
BARREIRINHA, CURITIBA","RUA DEPUTADO EDGAR TÁVORA,
BARREIRINHA, CURITIBA",2024
"10/05/202
4",15:45,303,5,DE716,ATROPELAMENTO,CICLISTA,1,0,"RUA PEDRO IVO, CENTRO, CURITIBA","ALAMEDA DOUTOR MURICY, CENTRO,
CURITIBA","AVENIDA MARECHAL FLORIANO
PEIXOTO, CENTRO, CURITIBA",2024
"20/05/202
4",18:36,500,11,GE725,ATROPELAMENTO,CICLISTA,1,0,,,,2024
"23/05/202
4",07:10,603,7,HD252,ATROPELAMENTO,CICLISTA,1,0,"AVENIDA REPÚBLICA ARGENTINA,
NOVO MUNDO, CURITIBA","RUA VISCONDE DO SERRO FRIO, NOVO
MUNDO, CURITIBA","RUA CORONEL HERCULANO DE ARAÚJO,
NOVO MUNDO, CURITIBA",2024
"23/05/202
4",07:16,508,11,GL330,ATROPELAMENTO,CICLISTA,0,0,"AVENIDA MARECHAL FLORIANO
PEIXOTO, HAUER, CURITIBA","RUA WALDEMAR KOST, HAUER,
CURITIBA","RUA MIGUEL POHOLINK, HAUER,
CURITIBA",2024
"29/05/202
4",19:00,302,5,DE711,ATROPELAMENTO,CICLISTA,1,0,"AVENIDA PRESIDENTE AFFONSO
CAMARGO, JARDIM BOTÂNICO,
CURITIBA","RUA MARIANO TORRES, CENTRO,
CURITIBA","RUA TIBAGI, CENTRO, CURITIBA",2024
"02/06/202
4",15:10,548,11,GI036,ATROPELAMENTO,CICLISTA,1,0,"RUA EDUARDO PINTO DA ROCHA,
GANCHINHO, CURITIBA","RUA JORNALISTA JOSÉ PEDRO DOS
SANTOS - PEDRINHO, GANCHINHO,
CURITIBA","RUA BENJAMIN JUGLAIR, GANCHINHO,
CURITIBA",2024
"05/06/202
4",09:28,500,11,GD341,ATROPELAMENTO,CICLISTA,1,0,"AVENIDA MARECHAL FLORIANO
PEIXOTO, REBOUÇAS, CURITIBA","RUA CHILE, REBOUÇAS, CURITIBA","RUA CONSELHEIRO DANTAS,
REBOUÇAS, CURITIBA",2024
"10/06/202
4",15:57,23,10,MR802,ATROPELAMENTO,CICLISTA,1,0,"RUA PROFESSORA OLGA BALSTER,
CAJURU, CURITIBA","RUA LUIZ FRANÇA, CAJURU,
CURITIBA","RUA ANTÔNIO MEIRELLES SOBRINHO,
CAJURU, CURITIBA",2024
"12/06/202
4",17:36,304,7,HL320,ATROPELAMENTO,CICLISTA,1,0,"AVENIDA PRESIDENTE AFFONSO
CAMARGO, CRISTO REI, CURITIBA","RUA JOÃO DRANKA, CRISTO REI,
CURITIBA","RUA SANTO ANDRÉ, CAJURU,
CURITIBA",2024
"23/06/202
4",16:10,603,7,HE721,ATROPELAMENTO,CICLISTA,1,0,"AVENIDA REPÚBLICA ARGENTINA,
PORTÃO, CURITIBA","RUA MARANHÃO, PORTÃO, CURITIBA","RUA ENGENHEIRO NIEPCE DA SILVA,
PORTÃO, CURITIBA",2024
"25/06/202
4",13:47,203,3,BE708,ATROPELAMENTO,CICLISTA,1,0,"RUA PRESIDENTE FARIA, CENTRO,
CURITIBA","RUA SÃO FRANCISCO, CENTRO,
CURITIBA","RUA TREZE DE MAIO, CENTRO,
CURITIBA",2024
"02/07/202
4",17:25,303,8,JE849,ATROPELAMENTO,CICLISTA,1,0,"AVENIDA SETE DE SETEMBRO,
REBOUÇAS, CURITIBA","RUA DESEMBARGADOR WESTPHALEN,
REBOUÇAS, CURITIBA","AVENIDA MARECHAL FLORIANO
PEIXOTO, REBOUÇAS, CURITIBA",2024
"04/07/202
4",17:06,250,3,BE702,ATROPELAMENTO,CICLISTA,1,0,"RUA PRESIDENTE FARIA, CENTRO,
CURITIBA","RUA ALFREDO BUFREN, CENTRO,
CURITIBA","RUA XV DE NOVEMBRO, CENTRO,
CURITIBA",2024
"04/07/202
4",17:06,203,3,BE722,ATROPELAMENTO,CICLISTA,0,0,"RUA PRESIDENTE FARIA, CENTRO,
CURITIBA","RUA XV DE NOVEMBRO, CENTRO,
CURITIBA","RUA ALFREDO BUFREN, CENTRO,
CURITIBA",2024
"16/07/202
4",16:26,206,6,EL317,ATROPELAMENTO,CICLISTA,1,0,"AVENIDA MARECHAL FLORIANO
PEIXOTO, BOQUEIRÃO, CURITIBA","RUA UNIÃO DA VITÓRIA, SÃO
DOMINGOS, SÃO JOSÉ DOS PINHAIS","RUA WILSON DACHEUX PEREIRA, ALTO
BOQUEIRÃO, CURITIBA",2024
"17/07/202
4",07:45,619,7,HA602,ATROPELAMENTO,CICLISTA,1,0,"RUA ENETTE DUBARD, TATUQUARA,
CURITIBA","RUA DESEMBARGADOR ERNANI ALMEIDA
DE ABREU, TATUQUARA, CURITIBA","RUA ADRIANA CERES ZAGO BUENO,
TATUQUARA, CURITIBA",2024
"22/07/202
4",18:47,250,11,GD350,ATROPELAMENTO,CICLISTA,1,0,"AVENIDA REPÚBLICA ARGENTINA,
NOVO MUNDO, CURITIBA","RUA CATARINA SCOTTI, NOVO MUNDO,
CURITIBA","RUA PEDRO BONAT, NOVO MUNDO,
CURITIBA",2024
"30/07/202
4",07:53,550,7,HE715,ATROPELAMENTO,CICLISTA,1,0,"AVENIDA MARECHAL FLORIANO
PEIXOTO, REBOUÇAS, CURITIBA","RUA CHILE, REBOUÇAS, CURITIBA","RUA ALMIRANTE GONÇALVES,
REBOUÇAS, CURITIBA",2024
"01/08/202
4",15:36,603,7,HE713,ATROPELAMENTO,CICLISTA,1,0,"AVENIDA MARECHAL FLORIANO
PEIXOTO, REBOUÇAS, CURITIBA","RUA CHILE, REBOUÇAS, CURITIBA","RUA BALTAZAR CARRASCO DOS REIS,
REBOUÇAS, CURITIBA",2024
"06/08/202
4",06:48,343,3,BI893,ATROPELAMENTO,CICLISTA,1,0,"RUA EPAMINONDAS SANTOS, BAIRRO
ALTO, CURITIBA","RUA RIO JAGUARIBE, BAIRRO ALTO,
CURITIBA,","RUA RIO GUAPORÉ, BAIRRO ALTO,
CURITIBA",2024
"12/08/202
4",12:30,502,11,GE606,ATROPELAMENTO,CICLISTA,1,0,"AVENIDA MARECHAL FLORIANO
PEIXOTO, BOQUEIRÃO, CURITIBA","RUA HIPÓLITO DA COSTA,
BOQUEIRÃO, CURITIBA","RUA CORONEL LUIZ JOSÉ DOS
SANTOS, BOQUEIRÃO, CURITIBA",2024
"14/08/202
4",17:37,700,7,HL312,ATROPELAMENTO,CICLISTA,1,0,"AVENIDA REPÚBLICA ARGENTINA,
PORTÃO, CURITIBA","RUA VITAL BRASIL, PORTÃO,
CURITIBA","RUA SYLVIO ZENY, PORTÃO,
CURITIBA",2024
"21/08/202
4",16:25,507,6,EL327,ATROPELAMENTO,CICLISTA,1,0,"AVENIDA PRESIDENTE GETÚLIO
VARGAS, REBOUÇAS, CURITIBA","RUA SANTO ANTÔNIO, REBOUÇAS,
CURITIBA","AVENIDA MARECHAL FLORIANO
PEIXOTO, REBOUÇAS, CURITIBA",2024
"23/08/202
4",08:31,250,3,BE724,ATROPELAMENTO,CICLISTA,1,0,"AVENIDA SETE DE SETEMBRO,
CENTRO, CURITIBA","RUA DESEMBARGADOR WESTPHALEN,
CENTRO, CURITIBA","RUA ALFERES POLI, CENTRO,
CURITIBA",2024
"27/09/202
4",14:20,533,6,EA012,ATROPELAMENTO,CICLISTA,1,0,"RUA FRANCISCO DEROSSO, ALTO
BOQUEIRÃO, CURITIBA","RUA DOS PIONEIROS, ALTO
BOQUEIRÃO, CURITIBA","RUA ODIR SUSIN, ALTO BOQUEIRÃO,
CURITIBA",2024
"03/10/202
4",16:16,500,11,GE736,ATROPELAMENTO,CICLISTA,1,0,"AVENIDA MARECHAL FLORIANO
PEIXOTO, PAROLIN, CURITIBA","AVENIDA DA REPÚBLICA, PAROLIN,
CURITIBA","RUA ARTUR HAUER, HAUER, CURITIBA",2024
"04/10/202
4",13:07,528,6,EA602,ATROPELAMENTO,CICLISTA,1,0,"AVENIDA WINSTON CHURCHILL,
PINHEIRINHO, CURITIBA","RUA AREF KUDRI, PINHEIRINHO,
CURITIBA","RUA ALBERTO KOSOP, PINHEIRINHO,
CURITIBA",2024
"21/10/202
4",14:50,700,3,BL338,ATROPELAMENTO,CICLISTA,1,0,"AVENIDA REPÚBLICA ARGENTINA,
ÁGUA VERDE, CURITIBA","RUA PROFESSOR ÁLVARO JORGE, VILA
IZABEL, CURITIBA","AVENIDA ÁGUA VERDE, ÁGUA VERDE,
CURITIBA",2024
"25/11/202
4",20:57,350,11,GE602,ATROPELAMENTO,CICLISTA,1,0,"LINHA VERDE ( BR - 476 ), XAXIM,
CURITIBA","RUA OMAR RAYMUNDO PICHETH,
XAXIM, CURITIBA","RUA BARÃO DE SANTO ÂNGELO,
XAXIM, CURITIBA",2024
"26/11/202
4",18:55,721,8,JI007,ATROPELAMENTO,CICLISTA,1,0,"RUA JOÃO EVANGELISTA FILHO ( RUA
SETEMBRINO PORTELLA NETO ),
CIDADE INDUSTRIAL DE CURITIBA,
CURITIBA","RUA CASSILDA DOS SANTOS
CANFIELD, CIDADE INDUSTRIAL DE
CURITIBA, CURITIBA","ESTRADA VELHA DO BARIGUI, CIDADE
INDUSTRIAL DE CURITIBA, CURITIBA",2024
"30/11/202
4",14:46,650,7,HI602,ATROPELAMENTO,CICLISTA,1,0,"RUA ENETTE DUBARD, TATUQUARA,
CURITIBA","AVENIDA PERO VAZ DE CAMINHA,
TATUQUARA, CURITIBA","RUA ANÍZIA MARIA DA CONCEIÇÃO
FERREIRA, TATUQUARA, CURITIBA",2024
"03/12/202
4",06:37,216,7,HA607,ATROPELAMENTO,CICLISTA,1,0,"RUA GUABIROTUBA, PRADO VELHO,
CURITIBA","RUA IAPÓ, PRADO VELHO, CURITIBA","RUA FRANCISCO NUNES, PRADO
VELHO, CURITIBA",2024
"03/12/202
4",19:28,250,11,GE706,ATROPELAMENTO,CICLISTA,1,0,"AVENIDA PARANÁ, BOA VISTA,
CURITIBA","RUA FERNANDO DE NORONHA, BOA
VISTA, CURITIBA","RUA ANTÔNIO LAGO, BOA VISTA,
CURITIBA",2024
"19/12/202
4",14:58,603,7,HE705,ATROPELAMENTO,CICLISTA,0,0,"AVENIDA WINSTON CHURCHILL, CAPÃO
RASO, CURITIBA","RUA DESEMBARGADOR ERNANI GUARITA
CARTAXO, CURITIBA","RUA CAPITÃO ARGEMIRO MONTEIRO
WANDERLEY, CURITIBA",2024
"31/12/202
4",14:28,628,7,HI853,ATROPELAMENTO,CICLISTA,1,0,"RUA PAUL GARFUNKEL, CIDADE
INDUSTRIAL DE CURITIBA, CURITIBA","RUA MAJOR VICTOR FEIJÓ, CIDADE
INDUSTRIAL DE CURITIBA, CURITIBA","RUA WIEGANDO OLSEN, CIDADE
INDUSTRIAL DE CURITIBA, CURITIBA",2024
"10/01/202
5",09:28,515,6,EI004,ATROPELAMENTO,CICLISTA,0,0,"RUA DOUTOR JÚLIO CÉSAR RIBEIRO
DE SOUZA, HAUER, CURITIBA","AVENIDA MARECHAL FLORIANO
PEIXOTO, HAUER, CURITIBA","RUA ANNE FRANK, BOQUEIRÃO,
CURITIBA",2025
"14/01/202
5",13:08,653,7,HA022,ATROPELAMENTO,CICLISTA,1,0,"RUA ANTÔNIO PASTRE, CIDADE
INDUSTRIAL DE CURITIBA, CURITIBA","RUA ALBERTO FERREIRA, CIDADE
INDUSTRIAL DE CURITIBA, CURITIBA","RUA SÃO PERPÉTUO, CIDADE
INDUSTRIAL DE CURITIBA, CURITIBA",2025
"16/01/202
5",17:50,623,7,HI047,ATROPELAMENTO,CICLISTA,1,0,"RUA FRANCISCO ADER, NOVO MUNDO,
CURITIBA","RUA ANTÔNIO GASPARIN, NOVO
MUNDO, CURITIBA","AVENIDA REPÚBLICA ARGENTINA,
NOVO MUNDO, CURITIBA",2025
"21/01/202
5",17:46,274,3,BI861,ATROPELAMENTO,CICLISTA,2,0,"RUA PROFESSOR LEONARDO COBBE,
BARREIRINHA, CURITIBA","RUA LÚCIA DECHANDT, ABRANCHES,
CURITIBA","RUA CARMELINA CAVASSIN,
BARREIRINHA, CURITIBA",2025
"23/01/202
5",16:03,707,7,HL496,ATROPELAMENTO,CICLISTA,1,0,"LINHA VERDE ( BR - 476 ), PRADO
VELHO, CURITIBA","RUA IMACULADA CONCEIÇÃO, PRADO
VELHO, CURITIBA","RUA FRANCISCO NUNES ( ALUIZIO
FINZETTO ), PRADO VELHO,
CURITIBA",2025
"11/02/202
5",09:56,707,7,HL495,ATROPELAMENTO,CICLISTA,1,0,"84, RUA LOURENÇO PINTO, CENTRO,
CURITIBA, REGIÃO GEOGRÁFICA
IMEDIATA DE CURITIBA, REGIÃO
METROPOLITANA DE CURITIBA,
REGIÃO GEOGRÁFICA INTERMEDIÁRIA
DE CURITIBA, PARANÁ, REGIÃO SUL,
80010-080, BRASIL","RUA ANDRÉ DE BARROS, CENTRO,
CURITIBA, REGIÃO GEOGRÁFICA
IMEDIATA DE CURITIBA, REGIÃO
METROPOLITANA DE CURITIBA,
REGIÃO GEOGRÁFICA INTERMEDIÁRIA
DE CURITIBA, PARANÁ, REGIÃO SUL,
80010-080, BRASIL","RUA PEDRO IVO, CENTRO, CURITIBA,
REGIÃO GEOGRÁFICA IMEDIATA DE
CURITIBA, REGIÃO METROPOLITANA
DE CURITIBA, REGIÃO GEOGRÁFICA
INTERMEDIÁRIA DE CURITIBA,
PARANÁ, REGIÃO SUL, 80010-080,
BRASIL",2025
"18/02/202
5",23:23,303,11,GE709,ATROPELAMENTO,CICLISTA,1,0,"RUA VISCONDE DE NACAR, CENTRO,
CURITIBA, REGIÃO GEOGRÁFICA
IMEDIATA DE CURITIBA, REGIÃO
METROPOLITANA DE CURITIBA,
REGIÃO GEOGRÁFICA INTERMEDIÁRIA
DE CURITIBA, PARANÁ, REGIÃO SUL,
80410-120, BRASIL","ALAMEDA DOUTOR CARLOS DE
CARVALHO, CENTRO, CURITIBA,
REGIÃO GEOGRÁFICA IMEDIATA DE
CURITIBA, REGIÃO METROPOLITANA
DE CURITIBA, REGIÃO GEOGRÁFICA
INTERMEDIÁRIA DE CURITIBA,
PARANÁ, REGIÃO SUL, 80430-180,
BRASIL","AVENIDA VICENTE MACHADO, CENTRO,
CURITIBA, REGIÃO GEOGRÁFICA
IMEDIATA DE CURITIBA, REGIÃO
METROPOLITANA DE CURITIBA,
REGIÃO GEOGRÁFICA INTERMEDIÁRIA
DE CURITIBA, PARANÁ, REGIÃO SUL,
80410-201, BRASIL",2025
"24/02/202
5",14:29,685,7,HI614,ATROPELAMENTO,CICLISTA,1,0,"RUA PRESIDENTE JOÃO GOULART,
TATUQUARA, CURITIBA","RUA DOUTOR JAIME GASPARIN,
JARDIM TIMBORI, TATUQUARA,
CURITIBA","RUA AFFONSO GERALDO CROCETTI,
TATUQUARA, CURITIBA",2025
"01/03/202
5",12:44,700,3,BL358,ATROPELAMENTO,CICLISTA,1,0,"AVENIDA REPÚBLICA ARGENTINA,
PORTÃO, CURITIBA","RUA PEDRO BONAT, NOVO MUNDO,
CURITIBA","RUA CATARINA SCOTTI, NOVO MUNDO,
CURITIBA",2025
"07/03/202
5",19:41,X37,7,HI600,ATROPELAMENTO,CICLISTA,1,0,RUA ENETTE DUBARD,RUA CARLOS MUNHOZ DA ROCHA,"RUA ANÍZIA MARIA DA CONCEIÇÃO
FERREIRA",2025
"14/03/202
5",23:26,350,11,GE604,ATROPELAMENTO,CICLISTA,1,0,LINHA VERDE,"RUA MAJ. VICENTE DE OLIVEIRA
MELLO",RUA MARIA FICINSKA,2025
"19/03/202
5",17:06,023,7,HL600,ATROPELAMENTO,CICLISTA,1,0,RUA PAULO SETÚBAL,RUA IRMÃ FLÁVIA BORLET,RUA EVARISTO DE VEIGA,2025
"25/03/202
5",16:19,550,7,HE718,ATROPELAMENTO,CICLISTA,2,0,"AVENIDA SETE DE SETEMBRO,
CENTRO, CURITIBA","RUA LOURENÇO PINTO, CENTRO,
CURITIBA","AVENIDA MARECHAL FLORIANO
PEIXOTO, CENTRO HISTÓRICO,
CENTRO, CURITIBA",2025
"02/04/202
5",08:26,350,11,GE611,ATROPELAMENTO,CICLISTA,1,0,"LINHA VERDE, XAXIM, CURITIBA,
REGIÃO GEOGRÁFICA IMEDIATA DE
CURITIBA, REGIÃO METROPOLITANA
DE CURITIBA, REGIÃO GEOGRÁFICA
INTERMEDIÁRIA DE CURITIBA,
PARANÁ, REGIÃO SUL, 81810-440,
BRASIL","AVENIDA BRASÍLIA, NOVO MUNDO,
CURITIBA, REGIÃO GEOGRÁFICA
IMEDIATA DE CURITIBA, REGIÃO
METROPOLITANA DE CURITIBA,
REGIÃO GEOGRÁFICA INTERMEDIÁRIA
DE CURITIBA, PARANÁ, REGIÃO SUL,
81020-220, BRASIL","RUA JOSÉ REBELLATO, XAXIM,
CURITIBA, REGIÃO GEOGRÁFICA
IMEDIATA DE CURITIBA, REGIÃO
METROPOLITANA DE CURITIBA,
REGIÃO GEOGRÁFICA INTERMEDIÁRIA
DE CURITIBA, PARANÁ, REGIÃO SUL,
81810-440, BRASIL",2025
"04/04/202
5",17:00,203,3,BD141,ATROPELAMENTO,CICLISTA,1,0,TESTE,,,2025
"26/04/202
5",10:48,542,11,GI047,ATROPELAMENTO,CICLISTA,0,0,"RUA TIJUCAS DO SUL, SÍTIO
CERCADO, CURITIBA, REGIÃO
GEOGRÁFICA IMEDIATA DE CURITIBA,
REGIÃO METROPOLITANA DE
CURITIBA, REGIÃO GEOGRÁFICA
INTERMEDIÁRIA DE CURITIBA,
PARANÁ, REGIÃO SUL, 81925-070,
BRASIL","RUA DOUTOR LAURO GENTIO PORTUGAL
TAVARES, SÍTIO CERCADO,
CURITIBA, REGIÃO GEOGRÁFICA
IMEDIATA DE CURITIBA, REGIÃO
METROPOLITANA DE CURITIBA,
REGIÃO GEOGRÁFICA INTERMEDIÁRIA
DE CURITIBA, PARANÁ, REGIÃO SUL,
81910-470, BRASIL","RUA FILÓSOFO HUBERTO ROHDEN,
SÍTIO CERCADO, CURITIBA, REGIÃO
GEOGRÁFICA IMEDIATA DE CURITIBA,
REGIÃO METROPOLITANA DE
CURITIBA, REGIÃO GEOGRÁFICA
INTERMEDIÁRIA DE CURITIBA,
PARANÁ, REGIÃO SUL, 81900-000,
BRASIL",2025
"26/04/202
5",15:15,550,7,HE718,ATROPELAMENTO,CICLISTA,1,0,"LINHA VERDE, VILA SÃO PEDRO,
XAXIM, CURITIBA","RUA OMAR RAYMUNDO PICHETH, VILA
SÃO PEDRO, XAXIM, CURITIBA","RUA ARTHUR EUCLIDES MOURA, VILA
SÃO PEDRO, XAXIM, CURITIBA",2025
"10/05/202
5",11:15,545,8,JI602,ATROPELAMENTO,CICLISTA,0,0,"RUA PROFESSOR ALGACYR MUNHOZ
MADER, CIDADE INDUSTRIAL DE
CURITIBA, CURITIBA, REGIÃO
GEOGRÁFICA IMEDIATA DE CURITIBA,
REGIÃO METROPOLITANA DE
CURITIBA, REGIÃO GEOGRÁFICA
INTERMEDIÁRIA DE CURITIBA,
PARANÁ, REGIÃO SUL, 81310-026,
BRASIL","RUA JOÃO ALVES, CIDADE
INDUSTRIAL DE CURITIBA,
CURITIBA, REGIÃO GEOGRÁFICA
IMEDIATA DE CURITIBA, REGIÃO
METROPOLITANA DE CURITIBA,
REGIÃO GEOGRÁFICA INTERMEDIÁRIA
DE CURITIBA, PARANÁ, REGIÃO SUL,
81350-260, BRASIL","RUA ARTHUR MARTINS FRANCO,
CIDADE INDUSTRIAL DE CURITIBA,
CURITIBA, REGIÃO GEOGRÁFICA
IMEDIATA DE CURITIBA, REGIÃO
METROPOLITANA DE CURITIBA,
REGIÃO GEOGRÁFICA INTERMEDIÁRIA
DE CURITIBA, PARANÁ, REGIÃO SUL,
81350-260, BRASIL",2025
"14/05/202
5",20:26,040,8,JB612,ATROPELAMENTO,CICLISTA,1,0,RUA JOÃO BETTEGA,RUA JOÃO KALNOWSKI,"RUA CELESTINO MENSSING DE
SIQUEIRA",2025
"31/05/202
5",15:19,524,11,GI007,ATROPELAMENTO,CICLISTA,1,0,"RUA SÃO JOSÉ DOS PINHAIS, SÍTIO
CERCADO, CURITIBA","RUA SÃO JOSÉ DE ARIMATÉIA, SÍTIO
CERCADO, CURITIBA REGIÃO
GEOGRÁFICA IMEDIATA","RUA CORBÉLIA, SÍTIO CERCADO,
CURITIBA",2025
"01/06/202
5",13:40,210,7,HL335,ATROPELAMENTO,CICLISTA,1,0,"AVENIDA REPÚBLICA ARGENTINA,
NOVO MUNDO, CURITIBA","TRAVESSA AUGUSTO MARACH, NOVO
MUNDO, CURITIBA","RUA BERNARDO JACINTHO DA VEIGA,
NOVO MUNDO, CURITIBA",2025
"06/07/202
5",15:39,304,8,JL333,ATROPELAMENTO,CICLISTA,1,0,"RUA PADRE ANCHIETA, BIGORRILHO,
CURITIBA","RUA GASTÃO CÂMARA, BIGORRILHO,
CURITIBA","RUA JERÔNIMO DURSKI, BIGORRILHO,
CURITIBA",2025
